"Col_Name","Data_Type","Computed.question.name"
"id","character","id"
"tags","character","tags"
"uuid","character","uuid"
"email","character","email"
"notes","character","notes"
"edited","logical","edited"
"status","Factor","status"
"version","character","version"
"username","character","username"
"duration","Numeric","duration"
"xformid","character","xformid"
"end00000000","Date-time","end00000000"
"phonenumber","character","phonenumber"
"start000000","Date-time","start000000"
"attachments","Image","attachments"
"geolocation","geo-coordinates","geolocation"
"mediacount","Numeric","mediacount"
"totalmedia","Numeric","totalmedia"
"uuid.1","character","uuid.1"
"timestarted","Time","timestarted"
"instanceid","character","instanceid"
"submissiontime","Time","submissiontime"
"xformidstring","character","xformidstring"
"instancename","character","instancename"
"bamboodatasetid","character","bamboodatasetid"
"mediaallreceived","Numeric","mediaallreceived"
"date","Date","0003. Date"
"intendtime","Time","intendtime"
"dateofconsent","Date","0006. Date of consent"
"interviewersname","character","0004. Interviewer’s Name"
"nameofparticipant","character","0001. Name of participant"
"interviewstarttime","Time","0007. INTERVIEW START TIME"
"signatureofparticipant","Image","0002. Signature of participant"
"interviewstarttime24hours","Time","interviewstarttime24hours"
"obtainedthesignedinformedco","Factor","0008. OBTAINED THE SIGNED INFORMED CONSENT?"
"signatureofpersonobtainingc","Image","0005. Signature of Interviewer"
"indicatorname","Factor","indicatorname"
"indicatornamecount","Numeric","indicatornamecount"
"totnumberofindicators","Numeric","totnumberofindicators"
"totalnumberofindicators","Numeric","totalnumberofindicators"
"statusofindicatorsonnhmis","Factor","statusofindicatorsonnhmis"
"selectallindicatorsapplicabl","Factor","5102. Select all indicators applicable"
"selecttheapplicableindicator","Factor","5110. Select the applicable indicator(s)"
"statusofindicatorsonnhmiscount","Factor","statusofindicatorsonnhmiscount"
"calcfactype","Factor","calcfactype"
"calclga0000","Factor","calclga0000"
"calcstate00","Factor","calcstate00"
"fachasother","Factor","1004a. Is this facility known by any other names?"
"faclocation","geo-coordinates","0010. Geocoordinates of the facility"
"facothernam","character","1005. PLEASE SPECIFY OTHER NAME."
"facilitnam2","Factor","1004. Name of facility"
"facilitname","Factor","facilitname"
"sfacilitytyp","Factor","1001b. Facility Type"
"slganame0000","Factor","1002a. Local Government Area (LGA)"
"sstatename00","Factor","1001a. State"
"swardname000","character","1003. Senatorial district"
"bhoursofservice","Factor","1009b. Hours of Service"
"selectedfaccatego","Factor","selectedfaccatego"
"specificfaccatlevel","Factor","1011a. ${selected_fac_catego}: Please choose"
"sdoesthisfacilityofferdelive","Factor","4101a. Does this facility offer delivery (including normal and/or assisted delivery"
"aservicelevelsavailable","Factor","1009a. Service levels available"
"recordfacilitysettlement","Factor","1008. Record facility settlement"
"bwhatisyourqualification","Factor","1010b. What is your qualification?"
"takeapictureofthefrontof","Image","0009. Take a picture of the facility, visibly capturing the signpost where available"
"sanyothercomments","character","2705. ANY OTHER COMMENTS:"
"snameofsupervisor","character","2707. NAME OF SUPERVISOR:"
"checkthatthefacilityiscorr","Factor","1011. Check that the facility is correctly categorised."
"whichoftheresponsesbestdes","Factor","1012. Which of the responses best describes the managing authority for this facility?"
"aareyoutheofficerincharge","Factor","1010a. Are you the MD/CMD of this facility?"
"facilityuniqueidentifiercode","character","1007. Facility unique identifier/code"
"physicallocationaddressoffa","character","1006. Physical location/address of facility"
"sdateofobservation","Date","2708. DATE of observation"
"watsouname","character","watsouname"
"sresultcodeslastvisit","Factor","2702. RESULT CODES:"
"ssupervisorsobservations","character","2706.  SUPERVISOR'S OBSERVATIONS:"
"scommentsabouttherespondent","character","2703. COMMENTS ABOUT THE RESPONDENT:"
"dothefacilityhaveafunctio","Factor","2602. Do the facility have a functional ambulance or other vehicle for emergency transportation for clients that is stationed at this facility or operates from this facility?"
"scommentsonspecificquestions","character","2704. COMMENTS ON SPECIFIC QUESTIONS:"
"sinterviewendtimeusethe24h","Time","2701. INTERVIEW END TIME"
"sothrcomm","character","4404. ANY OTHER COMMENTS:"
"saboutresp","character","4402. COMMENTS ABOUT THE RESPONDENT:"
"soutrodate","Date","DATE"
"sspecquest","character","4403. COMMENTS ON SPECIFIC QUESTIONS:"
"ssuprobser","character","4405. SUPERVISOR'S OBSERVATIONS:"
"sanyotherpleasespecify","Factor","2601h. Any other. Please specify"
"sselfarrangedbypatient","Factor","2601g. Self-arranged by patient"
"snameosupr","character","NAME OF SUPERVISOR:"
"sambulanceavailableoncall","Factor","2601c. Ambulance available on call"
"sambulanceownedbyfacility","Factor","2601b. Ambulance owned by facility"
"shiv","Factor","01. HIV"
"inthelast2weeksdoyouknow","Factor","2301b. In the last 2 weeks, Do you know the number of days the water supply from this source (${wat_sou_name}) was interrupted for more than two hours at a time?"
"doesthisfacilityhaveaccess","Factor","2605. Does this facility have access to an ambulance or other vehicle for emergency transport for clients that is stationed at another facility or that operates from another facility in near proximity?"
"isfuelavailabletodayforth","Factor","2603. Is fuel available today for the ambulance or other emergency transportation vehicle?"
"isthereadriveravailableon","Factor","2604. Is there a driver available onsite or on call today?"
"takeapictureoftheambulance","Image","2602a. Take a picture of the ambulance vehicle"
"scisthereaseasonaldifferenc","Factor","2301d. Is there a seasonal difference in water availability? (applicable in this source (${wat_sou_name}))"
"siswateravailablefromthisso","Factor","2302. Is water available from this source (${wat_sou_name}) on facility premises?"
"smayiseewaterfromthissourc","Factor","2303. May I see water from this source (${wat_sou_name}) that is available today?"
"swhatisthemostcommonlyused","Factor","2301. What is the most commonly used source of water for the general facility use at this time?"
"slastvisitresult","Factor","4401a. RESULT CODES (LAST VISIT):"
"sofficialvehicleavailableonc","Factor","2601e. Official vehicle available on-call (not an ambulance)"
"sofficialvehiclenotanambulan","Factor","2601d. Official vehicle (not an ambulance) owned by facility"
"sprivatevehiclesnotambulance","Factor","2601f.Private vehicles (not ambulance) available on call2"
"sinterviewendtime","Time","4400. INTERVIEW END TIME"
"ssyphilis","Factor","02. Syphilis"
"shepatitisb","Factor","03. Hepatitis B"
"shepatitisc","Factor","04. Hepatitis C"
"swhatisthefacilitysmainsou","Factor","2202. What is the facility’s main source of power?"
"sdoesyourfacilityhaveelectri","Factor","2201. Does your facility have electricity from any source such as electricity grid, generator, solar, or other, including for stand-alone devices such as those used to maintain the EPI cold chain?"
"sinthelast7dayswaselectric","Factor","2204. In the last 7 days, was electricity available __at all times__ from the main or any backup source when the facility was open for services?"
"sotherthanthemainorprimary","Factor","2203. Other than the main or primary source, does the facility have a secondary or backup source of electricity?"
"swhatisthesecondarysourceof","Factor","2203a. What is the secondary source of power?"
"picequipstorage","Image","2410c. Take a picture of equipment storage"
"sdoesthisfacilityprovidepnc","Factor","3301. Does this facility provide PNC as an outpatient service?"
"sdoesthisfacilityprovideany","Factor","3401. Does this facility provide any post-abortion care such as vacuum aspiration or D&C services to remove retained products of conception, or treatment of infections?"
"asktoseedocumentation","Factor","1311a. ASK TO SEE DOCUMENTATION"
"sdoesthisfacilityhaveafunct","Factor","2102. Does this facility have a functioning computer?"
"sdoesthisfacilityhaveameans","Factor","2101. Does this facility have a means for communicating outside the facility such as a functional phone or radio that are supported by the facility?"
"sistheconnectingtimeforthe","Factor","2104. Is the connecting time for the internet paid or reimbursed by the management?"
"sisthereaccesstoemailorint","Factor","2103. Is there access to email or internet within the facility today?"
"sdeliveryinterviewstarttime","Time","4102c. INTERVIEW START TIME"
"takeapictureofthefacility","Image","4331b. Take a picture of the facility where blood is processed"
"saredeliveryandnewborncares","Factor","4103. Are delivery and newborn care services offered in the outpatient or inpatient service area?"
"bp","Factor","01. Blood pressure"
"sdoesthisfacilityofferantena","Factor","3201. Does this facility offer (ANC) services?"
"sdoyouhaveanyguidelinesont","Factor","4309. Do you have any guidelines on the appropriate use of blood and safe transfusion practices"
"sdoesthisfacilityhavearefri","Factor","4308. Does this facility have a refrigerator available and functioning in this service area for the storage of blood?"
"sdoesthisfacilityofferblood","Factor","4300. Does this facility offer blood transfusion services?"
"shaveanyprovidersofbloodtr","Factor","4310. Have any provider(s) of blood transfusion services received any training in the appropriate use of blood and safe transfusion practices in the last two years?"
"temp","Factor","02. Temperature"
"jobaids","Factor","4213. Are there any job aids or guidelines related to newborn sepsis?"
"sinfectiousdisease","character","sinfectiousdisease"
"asktoseethewrittendocument","Factor","1305a. ASK TO SEE THE WRITTEN DOCUMENT"
"didthefacilityreceiveasupe","Factor","1301. Did the facility receive a supervision visit from the SMOH- FMOH in the last fiscal year?"
"didtheyleaveacopyofthech","Factor","1305. Did they leave a copy of the checklist or any written comments related to their supervision observations?"
"doesthisfacilityreceiveany","Factor","1306. Does this facility receive any external supervision, apart from the SMOH/FMOH?"
"duringthemostrecentvisitby","Factor","1304. During the most recent visit by the SMOH-FMOH, did they use a checklist?"
"howmanytimesinthelast3mo","Factor","1309. How many times in the last 3 months did this facility receive any supportive supervision from outside the facility?"
"howoftendidthesmohfmohsup","Factor","1302. How often did the SMOH-FMOH supervisor visit this facility in the last fiscal year?"
"isthereanydocumentationfrom","Factor","1311. Is there any documentation from supervisory visits during the past 3 months?"
"whenwasthelasttimeasuperv","Factor","1308. When was the last time a supervisor from outside this facility, either , state,  or federal, come here on a supportive supervisory visit?"
"whenwasthemostrecentvisit","Factor","1303. When was the most recent visit by the SMOH-FMOH?"
"howoftendotheymeet","Factor","1203. How often do they meet?"
"sdoesthisfacilityhaveanyfor","Factor","3101. Does this facility have any formal systems for linking with community based volunteers? (CORPs/CHIPS)"
"asktoseethedocument","Factor","1208a. ASK TO SEE THE DOCUMENT"
"pleasetakeapictureofthepl","Image","2402a. Please take a picture of the place used by the facility for disposal of sharps waste and indicate the condition observed"
"sasktoviewtheplaceusedby","Factor","2404. ASK TO SEE THE PLACE USED BY THE FACILITY FOR DISPOSAL OF MEDICAL WASTE AND INDICATE THE CONDITION OBSERVED.  IF MEDICAL WASTE IS DISPOSED OFFSITE, OBSERVE THE SITE WHERE WASTE IS STORED PRIOR TO COLLECTION FOR OFFSITE DISPOSAL."
"srepeatstarts","character","srepeatstarts"
"showdoesthefacilityfinally","Factor","2403. How does this facility finally dispose of medical waste other than sharps boxes?"
"sdoesthisfacilityhaveothrc","Factor","3403. Does this facility have other check-lists for post abortion care services?"
"anotherprovider","Factor","4215. Have you or another provider received training related to newborn sepsis during the last 2 years?"
"sasktoseetheplaceusedbyth","Factor","2402. ASK TO SEE THE PLACE USED BY THE FACILITY FOR DISPOSAL OF SHARPS WASTE AND INDICATE THE CONDITION OBSERVED."
"sdoesthisfacilityhaveanysop","Factor","2408. Does this facility have any SOP and/or guidelines on health care waste management?"
"shaveyouoranyprovidersrece","Factor","2409. Have you or any provider(s) received formal training in health care waste management practices in the last two years?"
"sisthereafunctionalincinerat","Factor","2406. Is there a functional incinerator in this facility?"
"sarethereanypostabortioncar","Factor","3402. Are there any post abortion care guidelines in this service area?"
"sdoesthisfacilityhaveotherj","Factor","3404. Does this facility have other job-aids for post abortion care services"
"fundalstatus","Factor","03. Fundal status"
"sarethereanyguidelinesonfin","Factor","2503. Are there any guidelines on final processing, that is sterilizing or high level disinfecting, equipment available in this site today?"
"sasktogotothemainlocation","Factor","2410a. ASK TO GO TO THE MAIN LOCATION WHERE EQUIPMENT IS FINALLY PROCESSED FOR REUSE."
"sspecifylocationandgotheret","character","2410b. SPECIFY LOCATION AND GO THERE TO ASSESS EQUIPMENT"
"spastmonths","Factor","4135. Has this service been provided in the past 12 months?"
"pleasespecifytheperiodwhen","character","pleasespecifytheperiodwhen"
"selectsourcesthatthisfacil","Factor","1307b. Select source(s) that this facility has received external supportive supervision from"
"srepeatstartscount","Numeric","srepeatstartscount"
"companionofchoice","Factor","08. Companion of Choice"
"sdoesanyplaceinthisfacility","Factor","4305. Does any place in this facility do blood screening for infectious diseases prior to transfusion?"
"sdoesthisfacilityobtainanyb","Factor","4304. Does this facility obtain ANY blood from sources other than the national or regional blood centre?"
"sdoesthisfacilityobtainblood","Factor","4303. Does this facility obtain blood from a national or regional blood centre?"
"shavetherebeenanyinterruptio","Factor","4302. Have there been any interruptions in blood availability during the past 3 months?"
"arethereanywrittennotesor","Factor","1208. Are there any written notes or minutes from the most recent management committee meeting?"
"atthefacilitylevelisthere","Factor","1211. At the facility level is there a routine process for reviewing data on facility services, outcomes, or patient feedback?"
"didanymemberofthiscommitte","Factor","1204. Did any member of this committee/board visit this facility in the last 3 months?"
"dothemembersofthecommittee","Factor","1202. Do the members of the committee/board meet regularly?"
"doesthisfacilityhaveacore","Factor","1205. Does this facility have a core management team or a management committee/board that is responsible for oversight of the day-to-day functioning of the facility?"
"doesthisfacilitymonitorany","Factor","1212e. Does this facility monitor any indicators for quality or coverage for services?"
"howmanyvisitsweremadedurin","Numeric","1204a. How many visits were made during the last 3 months?"
"isthereanygovernancecommitt","Factor","1201. Is there any governance committee/board in place for this facility?"
"isthereanyroutinesystemin","Factor","1206. Is there any routine system in place for including community representation for some aspects of the management team or committee/board work?"
"whenwasthemostrecentmanage","Factor","1207. When was the most recent management team or management committee/board meeting?"
"spmtctservices","Factor","4136. Does this facility provide any PMTCT services for women who deliver in the facility?"
"electricdryheatsterilizer","Factor","2502d. Electric dry heat sterilizer"
"scorticosteroids","Factor","4134. Does this facility routinely provide corticosteroids for  preterm labour"
"arehealthymothersroutinelym","Factor","4202b. Are healthy mothers routinely monitored postpartum for symptoms of possible risk?"
"arehealthynewbornsroutinely","Factor","4201a. Are healthy newborns routinely monitored postpartum for symptoms of possible risk?"
"arethereanyguidelinesorjob","Factor","4204. Are there any guidelines or job aids in this service site for postpartum care?"
"excludinganydeliverybedsdoe","Factor","1500b. Excluding any delivery beds, does the facility have any overnight/inpatient beds both for adults and children?"
"excludinganydeliverybedshow","Numeric","1501. Excluding any delivery beds, how many overnight/inpatient beds in total does this facility have, both for adults and children?"
"oftheovernightinpatientbeds","Numeric","1502. Of the overnight/inpatient beds in this facility, how many are dedicated maternity beds?"
"takeapictureoftheinpatient","Image","1501a. Take a picture of the inpatient ward showing the inpatient beds"
"basichygieneprovision","Factor","14. Basic Hygiene Provision"
"useachecklist","Factor","01. Use a checklist?"
"pleasespecifytheperiodwhencount","character","pleasespecifytheperiodwhencount"
"anychemicalsforchemicalhigh","Factor","2502j. Any chemicals for chemical high-level disinfecting (HLD)"
"automatictimermaybeonequip","Factor","2502h. Automatic timer (may be on equipment)"
"electricautoclavepressureand","Factor","2502b. Electric autoclave (pressure and wet heat)"
"electricboilerorsteamernop","Factor","2502e. Electric boiler or steamer (no pressure)"
"heatsourcefornonelectriceq","Factor","2502g. Heat source for non-electric equipment"
"nonelectricautoclavepressure","Factor","2502c. Non-electric autoclave (pressure and wet heat)"
"nonelectricpotwithcoverfor","Factor","2502f. Non-electric pot with cover for boiling/steam"
"temperaturesteamtimetstindi","Factor","2502i. Temperature-Steam-Time (TST) indicator strips or other item that indicates process is complete"
"shivtesting","Factor","3202g. hiv testing"
"sgenotype03","Factor","3203g. Genotype 03"
"shivtest07","Factor","3203h. hiv test 07"
"spcvtest01","Factor","3203b. PCV test 01"
"checkpadsforbleeding","Factor","04. Check pads for bleeding"
"financialrecords","Factor","09. Financial records"
"sselectmultipleequipments","Factor","4150a. Items applicable for delivery. Please select."
"asktoseeacopyoftheform","Factor","1106a. ASK TO SEE A COPY OF THE FORM"
"surinalysis08","Factor","3203i. Urinalysis 08"
"atanytimeduringthepast3","Factor","4151e.  33. At any time during the past 3 months has the newborn bag and mask for term babies been unavailable for this unit for any reason?"
"generalequipmentsapplicable","Factor","4153a. General equipments applicable"
"isthereanyoxygencurrently","Factor","4152. Is there any oxygen currently in the unit?"
"hasanyofthestaffbeentrai","Factor","1104. Has any of the staff been  trained on referral system"
"healthprofessional","Factor","healthprofessional"
"sotherlinkages","Factor","3207h. Other linkages"
"availableinemergencyservice","Factor","availableinemergencyservice"
"nowiwouldliketoknowabout","Factor","4151f. Now I want to know about the availability of oxygen for patients in this unit.  Does this unit ever provide oxygen to patients?"
"wasthereanytimeinthelast","Factor","4154. Was there any time in the  last 3 months that oxygen was unavailable for this unit for any reason?"
"asktoconfirmevidenceofdocu","Factor","1107a. ASK TO CONFIRM EVIDENCE OF DOCUMENTED REFERRALS OUT"
"asktoseeevidenceofdocument","Factor","1105a. ASK TO SEE EVIDENCE OF DOCUMENTED REFERRALS OUT"
"doesthefacilitykeeprecords","Factor","1107. Does the facility keep records of patients who are referred out?"
"doesthefacilitymaintainreco","Factor","1105. Does the facility maintain records of patients who are received through referral from other facilities?"
"doesthefacilityuseaprepri","Factor","1106. Does the facility use a pre-printed referral form when patients are referred elsewhere?"
"usingthemostcommonmeansfor","Factor","1108. Using the most common means for transportation, how long does it take for a referred patient to go from your facility to the most commonly used next level?"
"extractcurrentyear","character","Extract current year"
"arethereanyjobaidsorguide","Factor","4209. Are there any job aids or guidelines for KMC?"
"haskmcbeenprovidedatanyti","Factor","4208. Has KMC been provided at any time during the past 3 months?"
"hasthisfacilityeverseencas","Factor","4211. Has this facility ever seen cases of severely ill newborns, with possible severe bacteria infection or sepsis among inpatients?"
"hasthisfacilityhadanewborn","Factor","4214. Has this facility had a newborn sepsis case within the last 3 months?"
"haveyouoranotherproviderre","Factor","4210. Have you or another provider received training in KMC during the past 2 years?"
"iskmckangaroomothercarefor","Factor","4207. IS KMC (Kangaroo mother care) for premature/very small babies) routinely used in this facility?"
"arematernaldeathreviewscarr","Factor","4221. Are maternal death reviews carried out on a routine basis?"
"areneonataldeathreviewscarr","Factor","4222. Are neonatal death reviews carried out on a routine basis?"
"areperinataldeathreviewscar","Factor","4223. Are perinatal death reviews carried out on a routine basis? This includes stillbirths."
"isadeliveryregistermaintain","Factor","4224. Is a delivery register maintained where complications, maternal, and birth outcomes are recorded?"
"basicsanitationavailableto","Factor","15. Basic Sanitation available to women and families"
"immediatepostpartumuteronic","Factor","11. Immediate postpartum Uteronic for PPH prevention"
"institutionalstillbirthrate","Factor","04. Institutional stillbirth rate (disaggregated by fresh and macerated)"
"newbornsbreastfedwithinone","Factor","10. Newborns breastfed within one hour of birth"
"predischargecounsellingfor","Factor","07. Pre-discharge counselling for mother and baby"
"predischargematernaldeaths","Factor","01. Pre-discharge Maternal deaths"
"ssyphilistest06","Factor","3203e. syphilis test 06"
"sanyancjobaids","Factor","3204d. Any ANC job-aids"
"calcotherinformationsource","character","calcotherinformationsource"
"neonataldeathsinhealthfaci","Factor","03. Neonatal deaths in health facilities by cause"
"newbornswithbirthweightdocu","Factor","12. Newborns with birthweight documented"
"obstetriccasefatalityrated","Factor","06. Obstetric case fatality rate (disaggregated by direct and indirect when possible)"
"predischargematernaldeaths2","Factor","02. Pre-discharge Maternal deaths by cause"
"predischargeneonatalmortali","Factor","05. Pre-discharge neonatal mortality rate"
"prematurebabiesinitiatingkm","Factor","13. Premature babies initiating KMC"
"womenwhoexperiencedphysical","Factor","09. Women who experienced physical or verbal abuse anytime during labour, childbirth, or postpartum period"
"sbloodgrouping02","Factor","3203f. Blood grouping 02"
"shaveuoranyproviders","Factor","4116. Have you or any provider(s) of delivery service received any training in any other aspect of delivery or essential newborn care, or lifesaving skills in the last two years ?"
"jaundice","Factor","03. Jaundice"
"calcwaterrecept","character","calcwaterrecept"
"anygraphicpresentationofdat","Factor","08. Any graphic presentation of data other than for immunization?"
"anygraphicpresentationofimm","Factor","07. Any graphic presentation of immunization data?"
"anytableorreportsthatprese","Factor","06. Any table or reports that present data other than for immunization?"
"anytablesorreportsthatpres","Factor","05. Any tables or reports that present immunization data"
"informationfromroutinehmisr","Factor","01. Information from routine HMIS reports"
"informationfromspecialreport","Factor","02. Information from special reports such as quality indicators"
"otherinformationsourceroutin","character","1212a. Other information source routinely reviewed. Please specify"
"otherspecifiedotherinformati","Factor","1212b. Other Specified other information source: __${other_information_source_routin}__"
"shepatitisbtest04","Factor","3203c. Hepatitis B  test  04"
"shepatitisctest05","Factor","3203d. Hepatitis C test 05"
"sanyancchecklists","Factor","3204c. Any ANC check-lists"
"healthprofessionalcount","Numeric","healthprofessionalcount"
"sironsupplementation","Factor","3202b. Iron supplementation"
"sdoesthisfacilityhavearouti","Factor","3206. Does this facility have a routine system for follow-up for HIV positive pregnant women who are referred for ARV treatment?"
"swhatisthemostcommonprocess","Factor","3202j. What is the most common process for providing services for sexually transmitted infections for ANC clients?"
"sareindividualclientchartsca","Factor","3303. Are individual client charts/cards maintained for PNC clients?"
"sdoesthisfacilityhaveotherc","Factor","3304. Does this facility have other check-lists and/or job-aids (including wall charts) for PNC services?"
"sistherearegisterwherepncc","Factor","3302. Is there a register where PNC client information is recorded?"
"sdoesfacilityhavedelivery","Factor","4114. Does this facility have a maternity delivery room (second stage room)?"
"availableinemergencyservicecount","Factor","availableinemergencyservicecount"
"temperature","Factor","01. Temperature"
"numberofstaff","Numeric","numberofstaff"
"takeapictureofthedelivery","Image","4114a. Take a picture of the delivery room"
"doesthisfacilityhaveaspeci","Factor","1101.  Does this facility have a specified catchment area—that is a defined geographic area for which the facility has direct responsibility for serving?"
"takepictureofwaterreceptacl","Image","4142a. Take picture of water receptacle"
"autodisablesyringes","Factor","09. Auto-disable syringes"
"feedingstatus","Factor","05. Feeding status"
"sdoesthefacilityprovide24ho","Factor","4110a. Does the facility provide 24-hour coverage for delivery services?"
"sdoesthisfacilityhaveamater","Factor","4113. Does this facility have a maternity waiting center (first stage room) where women can stay prior to giving birth?"
"sduringnightsandholidaysist","Factor","4112f. During nights and holidays is there always a delivery provider who has been trained in newborn resuscitation using a bag and mask?"
"sduringnightsandholidayswhat","Factor","4112d. During nights and holidays, what is the lowest level of provider who ever conducts deliveries?"
"sduringthedayistherealways","Factor","4112c. During the day is there always a delivery provider who has been trained in newborn resuscitation using a bag and mask?"
"sduringthedaywhatisthelowe","Factor","4112. During the day, what is the lowest level of provider who ever conducts deliveries?"
"shaveyouoranyprovidersofd","Factor","4116. Have you or any provider(s) of delivery service received any training in neonatal resuscitation using the newborn bag and mask in the last two years?"
"sisapersonskilledinconducti","Factor","4111. Is a person skilled in conducting deliveries present at the facility or on-Call in near proximity 24 hours a day, including weekends, to provide delivery care?"
"sdoesthisfacilityroutinelypr","Factor","4132. Does this facility routinely provide antibiotics for preterm or prolonged PROM to prevent infection?"
"shastherebeenadeliveryfora","Factor","4138. Has there been a delivery for an hiv positive woman during the past 3 months?"
"shasthisservicebeenprovided","Factor","4133. Has this service been provided in the past 12 months?"
"alcoholbasedhandrub","Factor","03. Alcohol based hand rub"
"sisthereelectricityinthisse","Factor","4142b. Is there electricity in this service area that is functional now?"
"staffavailabilityortraining","Factor","06. Staff availability or training?"
"respiratoryrate","Factor","02. Respiratory rate"
"dataegcompletenessqualitya","Factor","10. Data (e.g. completeness, quality, and timely reporting)"
"haveanydiscussionswithanyp","Factor","02. Have any discussions with any providers of health services?"
"managementorserviceproblems","Factor","04. Management or service problems the facility is encountering?"
"medicinestocksrecordsstorage","Factor","08. Medicine stocks, records, storage conditions"
"observeoutpatientconsultation","Factor","03. Observe outpatient consultations?"
"servicequalitysuchasguideli","Factor","05. Service quality such as guidelines and protocols, patient care issues?"
"specialactivitiesthatiscomi","Factor","07. Special activities that is coming up?"
"whichofthefollowingmembers","Factor","1601a. Which of the following members of staff exist in the facility"
"sfolicacidsupplementation","Factor","3202c. Folic acid supplementation"
"sfeedbackfromartservices","Factor","3207e. Feedback from ART services"
"handwashingliquidsoap","Factor","02. Hand-washing liquid soap"
"numberofstaffcount","Numeric","numberofstaffcount"
"stetanustoxoidimmunization","Factor","3202e.Tetanus toxoid immunization"
"sharpscontainersafetybox","Factor","06. Sharps container (""safety box"")"
"assessmaternalshivstatus","Factor","01. Assess maternal hiv status"
"umbilicalcordstatus","Factor","04. Umbilical cord status"
"sdiagnosisandtreatmentforsex","Factor","3202i. Diagnosis and treatment for sexually transmitted infections"
"sintermittentpreventivetreatme","Factor","3202d. Intermittent preventive treatment in pregnancy (IPTp) for malaria"
"smonitoringforhypertensivedis","Factor","3202f. Monitoring for hypertensive disorder of pregnancy"
"snationalguidelinesandorienta","Factor","3204b. National Guidelines and Orientation Package for ANC"
"snationalguidelinesfordiagnos","Factor","3204e. National Guidelines for Diagnosis and Treatment of Malaria (2015)"
"sunfilledindividualclientreco","Factor","3204f. Unfilled individual client record/chart/card"
"sartinformationrecordedonmch","Factor","3207f. ART information recorded on MCH cards"
"sreferralformsusedwithartse","Factor","3207d. Referral forms used with ART services"
"stracethroughcorpschipscommu","Factor","3207c. Trace through CORPs/ CHIPS, community volunteer or facility outreach"
"stracethroughphonecallstext","Factor","3207b. Trace through phone calls/text message"
"suniqueidnumberswithinterlin","Factor","3207g. Unique ID numbers with interlinked monitoring system for PMTCT and ART services"
"smeasuringtape","Factor","05. Measuring Tape"
"sprovisionofarvforshivpositi","Factor","3202h. Provision of ARV for HIV positive ANC patients"
"sexaminationbed","Factor","04. Examination bed"
"providearvtonewbornsofinfe","Factor","04. Provide ARV to newborns of infected mothers for PMTCT"
"providematernalarvtoinfecte","Factor","03. Provide maternal ARV to infected mothers for PMTCT"
"disposablesyringeswithdispos","Factor","08. Disposable syringes with disposable needles"
"environmentaldisinfectanteg","Factor","07. Environmental disinfectant (e.g., chlorine, alcohol)"
"scleanrunningwaterpipedbuc","Factor","01. Clean running water (piped, bucket with tap, or pour pitcher)"
"wastebinisclearlymarkedfor","Factor","05. Waste bin is clearly marked, for example, by label or colour, for infectious non-sharp waste"
"wastereceptaclebinwithlida","Factor","04. Waste receptacle bin with lid and plastic bin liner"
"guidelineforpostpartum","Factor","03. Any guidelines or job aids for routine monitoring of the postpartum woman?"
"scaesareansection","Factor","08. Caesarean section"
"medicinesapplicable","Factor","4162b. Below are the medicines applicable"
"picmedicinestorage","Image","4161a. Take a picture of facility medicine storage"
"sfetalstethoscope","Factor","02. Fetal stethoscope"
"sanychecklistsforsafebirth","Factor","4115f. Any check-lists for safe birth practices for PMTCT"
"sanyjobaidsforsafebirthpra","Factor","4115g. Any job-aids for safe birth practices for PMTCT"
"sanyotherjobaidsforintegrat","Factor","4115e. Any other job aids for Integrated Management of Pregnancy and Childbirth, lifesaving skills, or any other aspects of childbirth and newborn care services?"
"sguidelinesforsafebirthpract","Factor","4115d.Guidelines for safe birth practices for PMTCT"
"snationalguidelinesforintegra","Factor","4115b. National guidelines for Integrated Management of Pregnancy and Childbirth (IMPAC)/LSS/ELSS/MLSS/ENC Manuals"
"sothernationalguidelinesfore","Factor","4115c. Other national guidelines for essential childbirth care"
"provideshivcounsellingandtes","Factor","02. Provide hiv counselling and testing services to all pregnant women in labour whose status is  not known"
"whichofthefollowingdoyouh","Factor","1603a. What is the source of funding for each of the casual and contracted staff listed previously?"
"sadultweighingscale","Factor","03. Adult weighing scale"
"availabilityofmedicines","Factor","availabilityofmedicines"
"anyguidelinesorjobaidsfor","Factor","01. Any guidelines or job aids for routine monitoring of the newborn"
"standardrecordswithpreprinte","Factor","02. Standard records with preprinted columns for information to be recorded for newborn monitoring such as jaundice, feeding, respiratory rate, and temperature."
"sbloodpressureapparatus","Factor","01. Blood pressure apparatus"
"sassistedvaginaldelivery","Factor","04. Assisted vaginal delivery"
"smanualremovalofplacenta","Factor","05. Manual removal of placenta"
"doesthisfacilitystockanyd","Factor","4161. Does this facility stock any drugs for obstetric care and delivery services in this service site?"
"istheoxytocinstoredincold","Factor","4162f. Is the oxytocin stored in cold storage?"
"takeapictureoftheseitems","Image","3205b.Take a picture of these items"
"availabilityofmedicinescount","Factor","availabilityofmedicinescount"
"sdelayedcordclamping","Factor","4124d. Delayed cord clamping"
"immediatereferralwithoutprov","Factor","01. Immediate referral without providing any medicine?"
"prescribethefullantibioticr","Factor","03. Prescribe the full antibiotic regimen and follow up"
"provideonedoseinjectableant","Factor","02. Provide one dose injectable antibiotic and then refer?"
"bandagesinfectiouswastelying","Factor","05. BANDAGES/INFECTIOUS WASTE LYING UNCOVERED"
"counterstableschairswipedcl","Factor","02. COUNTERS/TABLES/CHAIRS: WIPED CLEAN- NO OBVIOUS DUST OR WASTE"
"floorsweptnoobviousdirtor","Factor","01. FLOOR: SWEPT, NO OBVIOUS DIRT OR WASTE"
"needlessharpsoutsidesharpsb","Factor","03. NEEDLES, SHARPS OUTSIDE SHARPS BOX"
"sharpsboxoverflowingortorn","Factor","04. SHARPS BOX OVERFLOWING OR TORN/PIERCED"
"werenonsmokingsignsobserved","Factor","08. WERE NON-SMOKING SIGNS OBSERVED IN THIS UNIT?"
"werestaffwearingappropraite","Factor","06. WERE STAFF WEARING APPROPRAITE UNIFORMS IN THIS UNIT?"
"werestaffwearingidbadgesin","Factor","07. WERE STAFF WEARING ID BADGES IN THIS UNIT?"
"sdoesthisfacilityprovidebloo","Factor","09. Does this facility provide blood transfusion?"
"sneonatalresuscitationwithbag","Factor","07. Neonatal resuscitation with bag and mask"
"sparenteraladministrationofan","Factor","01. Parenteral administration of antibiotics (IV or IM) for mothers for postpartum sepsis?"
"sparenteraladministrationofma","Factor","03. Parenteral administration of magnesium sulphate for management of preeclampsia and eclampsia (IV or IM)"
"sparenteraladministrationofox","Factor","02. Parenteral administration of oxytocin  for treatment of post-partum haemorrhage (IV or IM)"
"sremovalofretainedproductsof","Factor","06. Removal of retained products of conception"
"sactivemanagementofthirdstag","Factor","4121a. Active management of third stage labour (AMTSL) including oxytocin within one minute after delivery, controlled cord traction, and fundal massage after delivery of placenta?"
"sadministrationofmisoprostoli","Factor","4122b. Administration of misoprostol immediately after birth to all women for the prevention of post-partum haemorrhage when oxytocin is not available?"
"smonitorandmanagelabourusing","Factor","4122c. Monitor and manage labour using a partograph"
"simmediateskintoskincontact","Factor","4124c. Immediate skin to skin contact"
"shygieniccordcarecutwithste","Factor","4124a. Hygienic cord care (cut with sterile item and apply 4% Chlorhexidine gel  to tip and stump, and no application of other substance)"
"sinitiatebreastfeedingwithin","Factor","4124e. Initiate breast feeding within 1 hour postpartum and counsel on exclusive breastfeeding"
"sthermalprotectiondryingbaby","Factor","4124b. Thermal protection (drying baby immediately after birth and wrapping)"
"sotherspecifiedarrangement","character","2601i. Other specified arrangement:"
"sawhatistheaveragewalkingt","Factor","2301a. What is the average walking time to and from the main source of water (${wat_sou_name})? (including waiting time)"
"supplyissues","Factor","1209g. Supply issues"
"financeissues","Factor","1209b. Finance issues"
"serviceissues","Factor","1209e. Service issues"
"staffingissues","Factor","1209c. Staffing issues"
"generalmanagement","Factor","1209d. General management"
"patientcareissues","Factor","1209f. Patient care issues"
"facilityperformance","Factor","1209h. Facility performance"
"scommunityengagement","Factor","1. Community engagement"
"doyouknowhowmanypeopleliv","Factor","1102. Do you know how many people live in the catchment area for this facility?"
"howmanypeopleliveinthecat","Numeric","1102a. How many people live in the catchment area for this facility?"
"whatisthebasisforthecatch","Factor","1103. What is the basis for the catchment population number?"
"sotherpartsoflinkage","Factor","3. Others"
"scommunitysensitization","Factor","2. Community sensitization"
"lastmonthname","Factor","lastmonthname"
"last2monthname","Factor","last2monthname"
"last3monthname","Factor","last3monthname"
"lastmonthlabel","Factor","lastmonthlabel"
"last2monthlabel","Factor","last2monthlabel"
"last3monthlabel","Factor","last3monthlabel"
"sbinthelast2weekshowmany","Numeric","2301c. In the last 2 weeks, how many days was the water supply from this source (${wat_sou_name}) interrupted for more than two hours at a time?"
"sdduringotherseasonsisthew","Factor","2301e. During other seasons is the water more available, less available, or not available? (applicable in this ${wat_sou_name})"
"othroutereview","Factor","1212d. ${any_rou_review} routinely reviewed"
"duringthemostrecentvisitdi","Factor","1310b. During the most recent visit, did the supervisor do or discuss or check"
"specifyanyotheradministrativ","character","1310a. Specify any other administrative records"
"sisfuelfortheincineratorava","Factor","2407. Is fuel for the incinerator available today?"
"otherpleasespecifythebasis","character","1103a. Other: Please specify the basis for the catchment population number"
"otherspleasespecify","character","1010c. Other: Please specify your qualification"
"cwhatisyourpositionpost","character","1010c. What is your position/post?"
"sothermedicalwastedisposal","character","2403a. Other medical waste disposal"
"supervisorychecklistwasleft","Factor","i. Supervisory checklist was left with facility"
"sitemrelatedtofacilitymanage","Factor","ii. Item related to facility management such as  finance, staff, resources, infrastructure, HMIS data areports, management records, general facility activities) are recorded"
"sitemrelatedtospecificservic","Factor","iii. Item related to specific service(s) or topics relevant to quality of care (resources specific to a service, observation of provider practice, discussion of case management, adherence to guidelines, indicators for quality)"
"doesthisfacilityroutinelyca","Factor","1401. Does this facility routinely carry out quality assurance activities for any service areas? (e.g SOP)"
"doesthisfacilitysystematical","Factor","1403a. Does this facility systematically practice any other type of continuous quality improvement?  This refers to a systematic process of identifying and addressing, such as COPE <sup>1</sup> ?"
"isthissystemimplementedthro","Factor","1402. Is this system implemented throughout the facility or only in specific services?"
"sothersspecify","character","3101a. Others (SPECIFY)"
"mayiseedocumentation","Factor","1404b. May I see documentation?"
"isthereanydocumentationoft","Factor","1404a. Is there any documentation of the continuous quality improvement activities?"
"isthisforaspecificservice","Factor","1403b. Is this for a specific service or across service sites in the facility"
"reviewstatus","Factor","reviewstatus"
"submissionstatus","Factor","submissionstatus"
"sspecifysotherlinkages","character","3207i. Specify other Linkages"
"faclocation.1","geo-coordinates","faclocation.1"
"takeapictureofthefrontof.1","Image","takeapictureofthefrontof.1"
"sdoesthisfacilityhaveothrc.1","Factor","sdoesthisfacilityhaveothrc.1"
"sarethereanypostabortioncar.1","Factor","sarethereanypostabortioncar.1"
"sdoesthisfacilityhaveotherj.1","Factor","sdoesthisfacilityhaveotherj.1"
"anyotheradministrativerecord","character","anyotheradministrativerecord"
"takepictureofwaterreceptacl.1","Image","takepictureofwaterreceptacl.1"
"anyroureview","character","1212c. Specify any other information source routinely reviewed?"
"othersourcespleasespecify","character","1307c. If other sources. Please specify"
"iptpservices","Factor","21. IPTp services"
"ancx4coverage","Factor","17. ANC x 4 coverage"
"chlorhexidinegelforcord","Factor","16. 4% chlorhexidine gel for cord care"
"numberofoutpatientvisits","Factor","20. Number of outpatient visits"
"deliverybyskilledprovider","Factor","19. Delivery by skilled provider"
"paediatriccurativeservices","Factor","22. Paediatric curative services"
"contraceptiveprevalencerate","Factor","18. Contraceptive prevalence rate"
"pregnantwomentestedforhiv","Factor","23. Pregnant women tested for HIV"
"otherpleasespecify","character","1302a. Other: Please specify"
"pleasespecifyfacilitycategor","character","1011b. Other: Please specify facility category"
"otherpleasespecifyfrequency","character","1203b. Other: Please specify frequency"
